customer_id,customer_name,age,gender,city,diet_profile,signup_date
1,Senthil Kumar 1,46,Male,Chennai,flexitarian,2025-08-07
2,Revathi Nair 2,32,Male,Chennai,flexitarian,2025-02-02
3,Venkatesh Iyer 3,25,Male,Chennai,flexitarian,2024-12-09
4,Arun Balaji 4,38,Female,Chennai,flexitarian,2024-05-19
5,Priya Sundaram 5,36,Male,Chennai,mostly_veg,2024-07-05
6,Deepika Reddy 6,40,Male,Chennai,mostly_veg,2024-03-01
7,Ramesh Babu 7,28,Female,Chennai,flexitarian,2025-01-14
8,Karthik Raja 8,28,Female,Chennai,mostly_nonveg,2025-12-10
9,Karthik Raja 9,41,Female,Chennai,flexitarian,2025-03-15
10,Priya Sundaram 10,53,Male,Chennai,flexitarian,2024-11-14
11,Divya Lakshmi 11,41,Female,Chennai,mostly_veg,2024-10-28
12,Divya Lakshmi 12,20,Male,Chennai,flexitarian,2024-12-09
13,Arun Balaji 13,39,Male,Chennai,flexitarian,2024-01-11
14,Deepika Reddy 14,19,Male,Chennai,mostly_veg,2024-03-02
15,Karthik Raja 15,41,Male,Chennai,mostly_veg,2024-08-13
16,Arun Balaji 16,47,Female,Chennai,flexitarian,2024-06-01
17,Divya Lakshmi 17,19,Female,Chennai,mostly_veg,2025-12-11
18,Revathi Nair 18,38,Male,Chennai,mostly_veg,2025-07-17
19,Senthil Kumar 19,50,Male,Chennai,mostly_veg,2025-07-24
20,Revathi Nair 20,29,Male,Chennai,mostly_veg,2025-08-06
21,Arun Balaji 21,39,Female,Chennai,mostly_veg,2025-10-21
22,Ramesh Babu 22,42,Male,Chennai,mostly_nonveg,2025-07-28
23,Divya Lakshmi 23,44,Male,Chennai,flexitarian,2024-11-05
24,Meena Kothari 24,45,Female,Chennai,flexitarian,2024-08-30
25,Deepika Reddy 25,33,Female,Chennai,flexitarian,2025-05-07
26,Vijay Kumar 26,32,Male,Chennai,flexitarian,2024-12-31
27,Ganesh Murugan 27,20,Female,Chennai,mostly_veg,2024-11-25
28,Bhavana Rao 28,54,Female,Chennai,flexitarian,2024-04-16
29,Karthik Raja 29,24,Male,Chennai,flexitarian,2024-08-13
30,Ganesh Murugan 30,38,Female,Chennai,flexitarian,2024-08-05
31,Ganesh Murugan 31,26,Male,Chennai,flexitarian,2025-05-20
32,Anand Krishnan 32,35,Female,Chennai,mostly_veg,2024-09-15
33,Revathi Nair 33,21,Male,Chennai,mostly_veg,2025-05-31
34,Ramesh Babu 34,42,Male,Chennai,flexitarian,2024-02-23
35,Sangeetha Raman 35,31,Male,Chennai,flexitarian,2024-02-16
36,Vijay Kumar 36,26,Female,Chennai,flexitarian,2025-12-27
37,Anand Krishnan 37,43,Male,Chennai,flexitarian,2025-11-19
38,Divya Lakshmi 38,19,Female,Chennai,mostly_nonveg,2025-06-04
39,Ganesh Murugan 39,37,Male,Chennai,flexitarian,2024-04-08
40,Sangeetha Raman 40,45,Male,Chennai,mostly_veg,2024-01-20
41,Priya Sundaram 41,24,Female,Chennai,mostly_veg,2025-07-26
42,Priya Sundaram 42,25,Male,Chennai,mostly_veg,2025-05-04
43,Ramesh Babu 43,52,Male,Chennai,mostly_veg,2025-02-22
44,Priya Sundaram 44,31,Female,Chennai,mostly_veg,2025-11-20
45,Sangeetha Raman 45,34,Male,Chennai,mostly_veg,2024-03-02
46,Bhavana Rao 46,53,Male,Chennai,mostly_veg,2024-05-24
47,Sangeetha Raman 47,21,Male,Chennai,mostly_veg,2024-08-03
48,Deepika Reddy 48,19,Male,Chennai,mostly_nonveg,2024-01-03
49,Vijay Kumar 49,23,Female,Chennai,mostly_veg,2024-06-08
50,Ganesh Murugan 50,21,Female,Chennai,flexitarian,2024-04-29
51,Karthik Raja 51,46,Male,Chennai,flexitarian,2024-03-29
52,Revathi Nair 52,35,Female,Chennai,mostly_nonveg,2024-11-24
53,Meena Kothari 53,43,Male,Chennai,mostly_veg,2025-08-02
54,Arun Balaji 54,51,Female,Chennai,flexitarian,2024-12-22
55,Priya Sundaram 55,27,Male,Chennai,mostly_nonveg,2025-09-01
56,Venkatesh Iyer 56,53,Male,Chennai,mostly_nonveg,2024-09-23
57,Ramesh Babu 57,31,Male,Chennai,mostly_nonveg,2025-09-08
58,Priya Sundaram 58,48,Male,Chennai,mostly_veg,2024-11-18
59,Arun Balaji 59,32,Male,Chennai,mostly_veg,2025-09-26
60,Vijay Kumar 60,25,Male,Chennai,flexitarian,2025-06-24
61,Bhavana Rao 61,31,Female,Chennai,mostly_nonveg,2025-10-10
62,Senthil Kumar 62,40,Male,Chennai,flexitarian,2024-07-13
63,Deepika Reddy 63,38,Female,Chennai,flexitarian,2024-11-27
64,Venkatesh Iyer 64,33,Male,Chennai,mostly_veg,2024-06-18
65,Bhavana Rao 65,35,Female,Chennai,flexitarian,2025-06-04
66,Sangeetha Raman 66,41,Female,Chennai,mostly_veg,2025-04-07
67,Deepika Reddy 67,43,Female,Chennai,mostly_veg,2024-02-09
68,Divya Lakshmi 68,42,Male,Chennai,flexitarian,2025-06-20
69,Revathi Nair 69,46,Male,Chennai,flexitarian,2024-09-17
70,Priya Sundaram 70,32,Female,Chennai,mostly_veg,2025-01-29
71,Karthik Raja 71,18,Male,Chennai,mostly_veg,2024-08-13
72,Senthil Kumar 72,42,Female,Chennai,flexitarian,2024-05-03
73,Divya Lakshmi 73,24,Male,Chennai,mostly_veg,2024-02-07
74,Ganesh Murugan 74,26,Female,Chennai,flexitarian,2024-11-23
75,Vijay Kumar 75,41,Female,Chennai,mostly_veg,2024-09-07
76,Priya Sundaram 76,18,Male,Chennai,flexitarian,2024-06-24
77,Bhavana Rao 77,25,Female,Chennai,flexitarian,2025-08-24
78,Divya Lakshmi 78,41,Male,Chennai,mostly_veg,2025-03-29
79,Bhavana Rao 79,28,Female,Chennai,mostly_veg,2024-02-06
80,Priya Sundaram 80,34,Female,Chennai,mostly_veg,2024-11-11
81,Ramesh Babu 81,25,Male,Chennai,mostly_veg,2025-11-18
82,Vijay Kumar 82,52,Male,Chennai,mostly_nonveg,2025-08-15
83,Meena Kothari 83,52,Male,Chennai,mostly_veg,2024-04-23
84,Senthil Kumar 84,50,Female,Chennai,mostly_nonveg,2024-02-09
85,Bhavana Rao 85,22,Male,Chennai,mostly_veg,2024-10-27
86,Sangeetha Raman 86,45,Female,Chennai,flexitarian,2024-08-11
87,Anand Krishnan 87,24,Female,Chennai,flexitarian,2024-11-13
88,Sangeetha Raman 88,26,Male,Chennai,flexitarian,2024-12-14
89,Sangeetha Raman 89,25,Male,Chennai,flexitarian,2024-04-24
90,Divya Lakshmi 90,29,Female,Chennai,flexitarian,2025-11-28
91,Senthil Kumar 91,51,Female,Chennai,mostly_veg,2024-11-18
92,Vijay Kumar 92,50,Male,Chennai,mostly_nonveg,2025-07-21
93,Revathi Nair 93,40,Male,Chennai,mostly_nonveg,2024-02-09
94,Venkatesh Iyer 94,41,Male,Chennai,mostly_nonveg,2024-02-09
95,Senthil Kumar 95,54,Male,Chennai,mostly_veg,2024-10-15
96,Senthil Kumar 96,52,Male,Chennai,flexitarian,2024-09-18
97,Priya Sundaram 97,39,Female,Chennai,mostly_nonveg,2024-08-03
98,Deepika Reddy 98,44,Female,Chennai,mostly_veg,2024-05-26
99,Senthil Kumar 99,52,Female,Chennai,mostly_veg,2024-12-01
100,Anand Krishnan 100,18,Female,Chennai,flexitarian,2024-06-16
101,Arun Balaji 101,52,Male,Chennai,flexitarian,2024-04-01
102,Revathi Nair 102,54,Male,Chennai,mostly_nonveg,2024-12-18
103,Divya Lakshmi 103,31,Male,Chennai,mostly_veg,2025-07-24
104,Anand Krishnan 104,20,Female,Chennai,flexitarian,2025-07-24
105,Meena Kothari 105,18,Female,Chennai,mostly_veg,2025-11-11
106,Ramesh Babu 106,22,Male,Chennai,mostly_veg,2024-12-28
107,Vijay Kumar 107,43,Male,Chennai,mostly_veg,2025-07-10
108,Venkatesh Iyer 108,31,Female,Chennai,mostly_nonveg,2024-12-10
109,Senthil Kumar 109,44,Female,Chennai,flexitarian,2025-11-23
110,Revathi Nair 110,26,Male,Chennai,flexitarian,2024-06-18
111,Arun Balaji 111,32,Male,Chennai,flexitarian,2024-12-21
112,Divya Lakshmi 112,32,Female,Chennai,mostly_nonveg,2024-07-09
113,Senthil Kumar 113,43,Male,Chennai,flexitarian,2025-10-28
114,Sangeetha Raman 114,30,Male,Chennai,mostly_nonveg,2025-02-25
115,Bhavana Rao 115,49,Male,Chennai,flexitarian,2025-11-30
116,Ganesh Murugan 116,49,Female,Chennai,flexitarian,2024-01-07
117,Ganesh Murugan 117,21,Female,Chennai,flexitarian,2024-05-12
118,Karthik Raja 118,47,Female,Chennai,mostly_veg,2025-07-10
119,Divya Lakshmi 119,54,Female,Chennai,flexitarian,2024-01-31
120,Bhavana Rao 120,40,Female,Chennai,flexitarian,2025-06-18
121,Karthik Raja 121,32,Female,Chennai,mostly_veg,2025-03-01
122,Ganesh Murugan 122,46,Female,Chennai,mostly_nonveg,2025-01-28
123,Sangeetha Raman 123,53,Male,Chennai,flexitarian,2025-11-02
124,Ramesh Babu 124,30,Male,Chennai,flexitarian,2024-12-28
125,Vijay Kumar 125,49,Male,Chennai,mostly_nonveg,2025-03-12
126,Priya Sundaram 126,24,Male,Chennai,flexitarian,2025-10-31
127,Divya Lakshmi 127,39,Male,Chennai,mostly_veg,2025-07-04
128,Venkatesh Iyer 128,45,Male,Chennai,mostly_nonveg,2024-03-22
129,Deepika Reddy 129,19,Male,Chennai,flexitarian,2024-12-21
130,Venkatesh Iyer 130,23,Female,Chennai,mostly_veg,2024-09-14
131,Revathi Nair 131,45,Female,Chennai,mostly_veg,2025-12-18
132,Sangeetha Raman 132,45,Male,Chennai,flexitarian,2025-08-11
133,Divya Lakshmi 133,37,Male,Chennai,flexitarian,2025-06-07
134,Senthil Kumar 134,47,Female,Chennai,flexitarian,2024-10-21
135,Meena Kothari 135,28,Male,Chennai,mostly_nonveg,2024-08-11
136,Ramesh Babu 136,45,Male,Chennai,flexitarian,2025-06-08
137,Venkatesh Iyer 137,42,Female,Chennai,mostly_veg,2024-02-15
138,Venkatesh Iyer 138,50,Male,Chennai,mostly_veg,2025-10-28
139,Senthil Kumar 139,18,Female,Chennai,mostly_veg,2024-04-22
140,Meena Kothari 140,44,Male,Chennai,flexitarian,2024-08-20
141,Anand Krishnan 141,30,Female,Chennai,mostly_veg,2024-01-17
142,Vijay Kumar 142,20,Female,Chennai,flexitarian,2024-12-25
143,Anand Krishnan 143,23,Female,Chennai,flexitarian,2024-08-10
144,Divya Lakshmi 144,25,Male,Chennai,mostly_nonveg,2025-11-30
145,Revathi Nair 145,44,Female,Chennai,mostly_veg,2025-03-23
146,Arun Balaji 146,26,Male,Chennai,mostly_nonveg,2024-12-30
147,Arun Balaji 147,54,Male,Chennai,mostly_veg,2025-11-05
148,Vijay Kumar 148,50,Male,Chennai,mostly_nonveg,2024-11-21
149,Revathi Nair 149,41,Male,Chennai,mostly_veg,2025-04-11
150,Deepika Reddy 150,32,Female,Chennai,flexitarian,2025-02-17
151,Ramesh Babu 151,49,Female,Chennai,flexitarian,2025-03-30
152,Venkatesh Iyer 152,49,Male,Chennai,mostly_veg,2025-08-08
153,Deepika Reddy 153,41,Male,Chennai,mostly_veg,2024-08-20
154,Ramesh Babu 154,29,Female,Chennai,flexitarian,2024-08-11
155,Sangeetha Raman 155,19,Male,Chennai,flexitarian,2025-02-15
156,Divya Lakshmi 156,20,Female,Chennai,flexitarian,2025-07-25
157,Anand Krishnan 157,54,Male,Chennai,flexitarian,2024-11-30
158,Arun Balaji 158,34,Male,Chennai,flexitarian,2024-08-09
159,Meena Kothari 159,19,Female,Chennai,mostly_veg,2024-02-06
160,Priya Sundaram 160,19,Male,Chennai,mostly_veg,2024-10-04
161,Ganesh Murugan 161,45,Female,Chennai,mostly_veg,2024-07-14
162,Karthik Raja 162,40,Male,Chennai,mostly_nonveg,2025-04-28
163,Bhavana Rao 163,54,Male,Chennai,flexitarian,2024-08-29
164,Priya Sundaram 164,49,Male,Chennai,flexitarian,2024-11-19
165,Anand Krishnan 165,50,Female,Chennai,flexitarian,2025-12-31
166,Senthil Kumar 166,18,Male,Chennai,mostly_nonveg,2024-07-10
167,Anand Krishnan 167,36,Male,Chennai,mostly_veg,2024-01-17
168,Ganesh Murugan 168,19,Male,Chennai,flexitarian,2025-06-07
169,Senthil Kumar 169,43,Male,Chennai,flexitarian,2025-02-04
170,Ramesh Babu 170,49,Female,Chennai,flexitarian,2025-12-05
171,Deepika Reddy 171,23,Female,Chennai,mostly_veg,2024-01-22
172,Priya Sundaram 172,49,Male,Chennai,mostly_nonveg,2025-04-18
173,Ramesh Babu 173,21,Female,Chennai,mostly_nonveg,2024-04-29
174,Ramesh Babu 174,28,Male,Chennai,flexitarian,2024-07-28
175,Deepika Reddy 175,34,Male,Chennai,flexitarian,2024-11-01
176,Meena Kothari 176,41,Male,Chennai,mostly_nonveg,2024-09-26
177,Arun Balaji 177,22,Female,Chennai,flexitarian,2025-12-04
178,Vijay Kumar 178,51,Female,Chennai,mostly_veg,2025-11-17
179,Arun Balaji 179,23,Female,Chennai,flexitarian,2024-10-11
180,Bhavana Rao 180,39,Female,Chennai,flexitarian,2025-12-16
181,Karthik Raja 181,28,Female,Chennai,flexitarian,2025-11-06
182,Senthil Kumar 182,33,Female,Chennai,flexitarian,2024-08-14
183,Revathi Nair 183,50,Female,Chennai,mostly_nonveg,2025-01-15
184,Priya Sundaram 184,26,Female,Chennai,mostly_nonveg,2025-04-04
185,Senthil Kumar 185,23,Female,Chennai,flexitarian,2024-01-07
186,Venkatesh Iyer 186,33,Male,Chennai,mostly_veg,2024-01-29
187,Arun Balaji 187,46,Female,Chennai,mostly_nonveg,2024-02-02
188,Ganesh Murugan 188,20,Female,Chennai,mostly_nonveg,2025-10-07
189,Vijay Kumar 189,37,Female,Chennai,mostly_veg,2024-03-19
190,Ganesh Murugan 190,53,Female,Chennai,mostly_nonveg,2025-04-03
191,Senthil Kumar 191,36,Female,Chennai,mostly_nonveg,2025-07-23
192,Sangeetha Raman 192,43,Female,Chennai,flexitarian,2025-06-21
193,Priya Sundaram 193,20,Female,Chennai,flexitarian,2025-04-26
194,Vijay Kumar 194,36,Female,Chennai,flexitarian,2025-03-05
195,Ramesh Babu 195,37,Female,Chennai,mostly_veg,2024-10-11
196,Anand Krishnan 196,49,Female,Chennai,mostly_veg,2025-05-30
197,Meena Kothari 197,24,Female,Chennai,mostly_nonveg,2024-04-08
198,Karthik Raja 198,50,Male,Chennai,mostly_veg,2025-01-31
199,Revathi Nair 199,35,Male,Chennai,mostly_veg,2025-05-03
200,Venkatesh Iyer 200,18,Female,Chennai,flexitarian,2024-02-08
201,Revathi Nair 201,28,Female,Chennai,flexitarian,2024-09-27
202,Vijay Kumar 202,45,Male,Chennai,mostly_nonveg,2024-06-05
203,Arun Balaji 203,42,Female,Chennai,mostly_veg,2024-03-15
204,Ganesh Murugan 204,40,Male,Chennai,mostly_veg,2024-05-09
205,Anand Krishnan 205,48,Male,Chennai,flexitarian,2025-11-17
206,Arun Balaji 206,47,Male,Chennai,flexitarian,2024-03-24
207,Venkatesh Iyer 207,52,Male,Chennai,mostly_veg,2024-01-22
208,Priya Sundaram 208,24,Male,Chennai,flexitarian,2025-04-03
209,Bhavana Rao 209,33,Female,Chennai,mostly_veg,2025-06-22
210,Senthil Kumar 210,43,Male,Chennai,mostly_veg,2025-12-07
211,Vijay Kumar 211,19,Female,Chennai,flexitarian,2025-01-16
212,Bhavana Rao 212,18,Female,Chennai,flexitarian,2025-03-15
213,Senthil Kumar 213,29,Male,Chennai,mostly_nonveg,2025-08-26
214,Arun Balaji 214,22,Male,Chennai,flexitarian,2024-01-21
215,Deepika Reddy 215,54,Female,Chennai,flexitarian,2024-10-29
216,Divya Lakshmi 216,49,Male,Chennai,flexitarian,2024-03-24
217,Anand Krishnan 217,26,Male,Chennai,mostly_veg,2025-10-20
218,Sangeetha Raman 218,52,Female,Chennai,flexitarian,2025-03-28
219,Ganesh Murugan 219,36,Female,Chennai,mostly_veg,2025-01-21
220,Anand Krishnan 220,33,Male,Chennai,mostly_nonveg,2025-05-21
221,Arun Balaji 221,20,Female,Chennai,mostly_veg,2024-09-13
222,Ganesh Murugan 222,37,Male,Chennai,flexitarian,2025-07-23
223,Venkatesh Iyer 223,41,Male,Chennai,mostly_veg,2025-06-10
224,Arun Balaji 224,50,Male,Chennai,mostly_nonveg,2024-06-10
225,Venkatesh Iyer 225,41,Female,Chennai,flexitarian,2024-06-11
226,Karthik Raja 226,28,Female,Chennai,flexitarian,2025-06-07
227,Deepika Reddy 227,25,Female,Chennai,mostly_veg,2024-09-27
228,Sangeetha Raman 228,53,Female,Chennai,flexitarian,2025-05-06
229,Meena Kothari 229,37,Female,Chennai,mostly_veg,2024-07-26
230,Karthik Raja 230,52,Male,Chennai,mostly_nonveg,2025-06-22
231,Priya Sundaram 231,42,Male,Chennai,mostly_veg,2025-08-06
232,Venkatesh Iyer 232,52,Male,Chennai,mostly_veg,2024-02-29
233,Sangeetha Raman 233,42,Male,Chennai,mostly_veg,2025-03-05
234,Venkatesh Iyer 234,46,Female,Chennai,flexitarian,2025-10-18
235,Bhavana Rao 235,35,Male,Chennai,flexitarian,2025-08-27
236,Ganesh Murugan 236,35,Female,Chennai,mostly_veg,2024-11-04
237,Vijay Kumar 237,19,Male,Chennai,flexitarian,2025-06-03
238,Divya Lakshmi 238,52,Female,Chennai,flexitarian,2025-08-13
239,Karthik Raja 239,33,Female,Chennai,flexitarian,2024-01-27
240,Divya Lakshmi 240,53,Male,Chennai,flexitarian,2025-11-16
241,Venkatesh Iyer 241,50,Male,Chennai,flexitarian,2025-07-15
242,Deepika Reddy 242,21,Male,Chennai,flexitarian,2024-07-17
243,Priya Sundaram 243,50,Male,Chennai,mostly_veg,2025-01-21
244,Priya Sundaram 244,31,Female,Chennai,mostly_veg,2024-12-14
245,Revathi Nair 245,38,Male,Chennai,mostly_nonveg,2025-11-23
246,Meena Kothari 246,37,Male,Chennai,mostly_nonveg,2025-06-19
247,Bhavana Rao 247,25,Female,Chennai,flexitarian,2025-01-12
248,Priya Sundaram 248,24,Male,Chennai,mostly_veg,2025-07-11
249,Ganesh Murugan 249,20,Male,Chennai,flexitarian,2025-06-10
250,Arun Balaji 250,34,Male,Chennai,flexitarian,2024-06-01
251,Ganesh Murugan 251,50,Male,Chennai,mostly_veg,2024-07-24
252,Anand Krishnan 252,29,Male,Chennai,mostly_veg,2025-03-30
253,Anand Krishnan 253,39,Female,Chennai,flexitarian,2024-09-29
254,Senthil Kumar 254,39,Male,Chennai,flexitarian,2024-08-23
255,Meena Kothari 255,47,Male,Chennai,mostly_veg,2025-06-04
256,Arun Balaji 256,25,Male,Chennai,mostly_veg,2025-11-08
257,Anand Krishnan 257,44,Male,Chennai,mostly_veg,2025-12-26
258,Vijay Kumar 258,44,Male,Chennai,flexitarian,2025-05-15
259,Arun Balaji 259,51,Female,Chennai,mostly_veg,2024-04-26
260,Bhavana Rao 260,38,Male,Chennai,mostly_veg,2025-01-20
261,Deepika Reddy 261,47,Female,Chennai,flexitarian,2024-12-09
262,Ramesh Babu 262,50,Female,Chennai,mostly_veg,2025-08-06
263,Divya Lakshmi 263,45,Male,Chennai,flexitarian,2025-01-29
264,Venkatesh Iyer 264,50,Male,Chennai,mostly_veg,2024-03-04
265,Arun Balaji 265,22,Male,Chennai,mostly_veg,2025-12-17
266,Ganesh Murugan 266,36,Male,Chennai,mostly_veg,2025-12-21
267,Revathi Nair 267,21,Female,Chennai,flexitarian,2024-03-12
268,Revathi Nair 268,52,Male,Chennai,mostly_nonveg,2024-09-30
269,Divya Lakshmi 269,34,Male,Chennai,mostly_nonveg,2024-11-15
270,Revathi Nair 270,45,Male,Chennai,flexitarian,2024-12-03
271,Vijay Kumar 271,47,Male,Chennai,flexitarian,2024-12-31
272,Ramesh Babu 272,46,Male,Chennai,mostly_veg,2025-05-09
273,Senthil Kumar 273,23,Male,Chennai,mostly_veg,2025-08-29
274,Senthil Kumar 274,52,Female,Chennai,mostly_nonveg,2024-06-14
275,Sangeetha Raman 275,54,Female,Chennai,mostly_veg,2025-06-27
276,Meena Kothari 276,41,Male,Chennai,mostly_veg,2024-01-11
277,Venkatesh Iyer 277,46,Male,Chennai,mostly_veg,2024-10-27
278,Arun Balaji 278,48,Male,Chennai,mostly_veg,2025-12-29
279,Meena Kothari 279,52,Female,Chennai,mostly_veg,2024-04-11
280,Priya Sundaram 280,50,Male,Chennai,flexitarian,2025-02-28
281,Divya Lakshmi 281,38,Female,Chennai,flexitarian,2025-01-26
282,Divya Lakshmi 282,49,Male,Chennai,mostly_nonveg,2024-08-01
283,Priya Sundaram 283,40,Male,Chennai,mostly_nonveg,2025-11-21
284,Sangeetha Raman 284,50,Male,Chennai,mostly_veg,2024-03-28
285,Karthik Raja 285,20,Male,Chennai,mostly_veg,2025-07-06
286,Deepika Reddy 286,35,Female,Chennai,flexitarian,2025-02-04
287,Arun Balaji 287,42,Female,Chennai,flexitarian,2025-08-10
288,Divya Lakshmi 288,48,Male,Chennai,mostly_veg,2024-02-15
289,Deepika Reddy 289,20,Male,Chennai,flexitarian,2025-11-02
290,Divya Lakshmi 290,41,Female,Chennai,flexitarian,2025-04-07
291,Karthik Raja 291,49,Female,Chennai,flexitarian,2025-08-14
292,Priya Sundaram 292,39,Female,Chennai,flexitarian,2024-11-05
293,Revathi Nair 293,40,Female,Chennai,mostly_veg,2024-03-26
294,Senthil Kumar 294,19,Male,Chennai,mostly_nonveg,2024-04-01
295,Karthik Raja 295,44,Female,Chennai,flexitarian,2025-10-21
296,Divya Lakshmi 296,19,Male,Chennai,mostly_veg,2025-11-03
297,Priya Sundaram 297,43,Female,Chennai,mostly_nonveg,2025-12-14
298,Venkatesh Iyer 298,34,Female,Chennai,flexitarian,2024-08-29
299,Karthik Raja 299,50,Female,Chennai,mostly_nonveg,2024-01-02
300,Bhavana Rao 300,26,Female,Chennai,flexitarian,2024-08-12
301,Sangeetha Raman 301,46,Female,Chennai,flexitarian,2025-08-11
302,Priya Sundaram 302,43,Male,Chennai,mostly_veg,2024-04-25
303,Arun Balaji 303,52,Male,Chennai,mostly_veg,2025-10-27
304,Divya Lakshmi 304,42,Female,Chennai,flexitarian,2024-04-12
305,Vijay Kumar 305,41,Female,Chennai,flexitarian,2024-07-12
306,Senthil Kumar 306,30,Male,Chennai,mostly_veg,2024-06-14
307,Meena Kothari 307,24,Female,Chennai,mostly_veg,2024-03-30
308,Divya Lakshmi 308,53,Female,Chennai,mostly_nonveg,2025-11-16
309,Arun Balaji 309,37,Male,Chennai,mostly_nonveg,2024-05-01
310,Anand Krishnan 310,18,Female,Chennai,flexitarian,2024-05-22
311,Revathi Nair 311,25,Female,Chennai,mostly_veg,2024-04-15
312,Venkatesh Iyer 312,33,Male,Chennai,mostly_veg,2025-03-03
313,Venkatesh Iyer 313,31,Male,Chennai,mostly_veg,2024-10-31
314,Deepika Reddy 314,29,Male,Chennai,mostly_nonveg,2024-11-12
315,Deepika Reddy 315,40,Female,Chennai,mostly_veg,2025-09-26
316,Meena Kothari 316,32,Male,Chennai,flexitarian,2024-01-09
317,Divya Lakshmi 317,45,Male,Chennai,mostly_veg,2024-03-13
318,Ganesh Murugan 318,51,Male,Chennai,flexitarian,2024-12-24
319,Meena Kothari 319,19,Male,Chennai,flexitarian,2024-08-10
320,Ganesh Murugan 320,49,Male,Chennai,mostly_nonveg,2025-02-19
321,Ramesh Babu 321,40,Male,Chennai,mostly_veg,2025-07-06
322,Divya Lakshmi 322,39,Female,Chennai,mostly_veg,2025-01-04
323,Priya Sundaram 323,42,Female,Chennai,mostly_veg,2025-12-16
324,Priya Sundaram 324,39,Male,Chennai,mostly_nonveg,2024-09-20
325,Senthil Kumar 325,39,Male,Chennai,mostly_nonveg,2025-11-20
326,Ramesh Babu 326,23,Male,Chennai,flexitarian,2024-11-13
327,Sangeetha Raman 327,32,Female,Chennai,flexitarian,2024-03-24
328,Ramesh Babu 328,54,Female,Chennai,flexitarian,2024-11-13
329,Ramesh Babu 329,50,Female,Chennai,mostly_veg,2024-04-20
330,Meena Kothari 330,25,Female,Chennai,mostly_nonveg,2024-09-07
331,Bhavana Rao 331,22,Female,Chennai,flexitarian,2025-01-17
332,Revathi Nair 332,21,Female,Chennai,flexitarian,2024-01-07
333,Karthik Raja 333,23,Female,Chennai,flexitarian,2025-04-03
334,Senthil Kumar 334,49,Female,Chennai,mostly_veg,2024-03-24
335,Senthil Kumar 335,47,Female,Chennai,mostly_veg,2024-07-26
336,Senthil Kumar 336,52,Male,Chennai,flexitarian,2025-01-24
337,Priya Sundaram 337,33,Male,Chennai,mostly_veg,2024-11-09
338,Karthik Raja 338,30,Male,Chennai,flexitarian,2024-01-22
339,Ramesh Babu 339,47,Male,Chennai,mostly_veg,2025-02-13
340,Revathi Nair 340,36,Female,Chennai,flexitarian,2025-05-29
341,Sangeetha Raman 341,34,Female,Chennai,mostly_veg,2024-05-06
342,Ganesh Murugan 342,36,Male,Chennai,flexitarian,2025-11-30
343,Bhavana Rao 343,45,Female,Chennai,flexitarian,2024-01-14
344,Priya Sundaram 344,43,Male,Chennai,mostly_veg,2024-01-12
345,Divya Lakshmi 345,54,Female,Chennai,flexitarian,2024-03-27
346,Divya Lakshmi 346,43,Male,Chennai,flexitarian,2025-06-07
347,Divya Lakshmi 347,40,Female,Chennai,flexitarian,2025-06-20
348,Arun Balaji 348,26,Female,Chennai,mostly_nonveg,2024-10-27
349,Meena Kothari 349,29,Male,Chennai,flexitarian,2024-08-30
350,Anand Krishnan 350,18,Female,Chennai,mostly_veg,2024-05-01
351,Ramesh Babu 351,18,Male,Chennai,mostly_veg,2024-05-26
352,Anand Krishnan 352,51,Male,Chennai,mostly_veg,2025-07-20
353,Vijay Kumar 353,49,Male,Chennai,flexitarian,2024-12-21
354,Meena Kothari 354,42,Male,Chennai,mostly_veg,2025-11-15
355,Divya Lakshmi 355,18,Female,Chennai,flexitarian,2025-09-22
356,Bhavana Rao 356,33,Female,Chennai,flexitarian,2024-11-04
357,Venkatesh Iyer 357,22,Female,Chennai,mostly_veg,2025-11-25
358,Priya Sundaram 358,39,Male,Chennai,flexitarian,2024-10-14
359,Meena Kothari 359,46,Female,Chennai,mostly_veg,2024-11-02
360,Ganesh Murugan 360,20,Male,Chennai,mostly_veg,2025-08-16
361,Bhavana Rao 361,29,Female,Chennai,flexitarian,2025-12-23
362,Bhavana Rao 362,43,Female,Chennai,flexitarian,2025-10-23
363,Arun Balaji 363,33,Female,Chennai,flexitarian,2025-07-02
364,Priya Sundaram 364,54,Male,Chennai,flexitarian,2024-12-17
365,Karthik Raja 365,39,Female,Chennai,mostly_veg,2024-11-07
366,Senthil Kumar 366,46,Female,Chennai,mostly_nonveg,2024-02-28
367,Arun Balaji 367,31,Male,Chennai,flexitarian,2025-10-04
368,Bhavana Rao 368,45,Female,Chennai,flexitarian,2025-12-14
369,Karthik Raja 369,22,Male,Chennai,mostly_veg,2024-02-04
370,Priya Sundaram 370,47,Female,Chennai,flexitarian,2025-03-20
371,Venkatesh Iyer 371,22,Male,Chennai,flexitarian,2024-04-02
372,Ganesh Murugan 372,29,Male,Chennai,mostly_veg,2024-07-25
373,Bhavana Rao 373,33,Female,Chennai,mostly_nonveg,2024-12-18
374,Divya Lakshmi 374,43,Male,Chennai,mostly_veg,2024-11-27
375,Anand Krishnan 375,43,Male,Chennai,mostly_nonveg,2025-12-25
376,Ramesh Babu 376,38,Male,Chennai,flexitarian,2024-06-07
377,Meena Kothari 377,53,Male,Chennai,mostly_veg,2024-01-24
378,Meena Kothari 378,50,Male,Chennai,flexitarian,2025-02-07
379,Divya Lakshmi 379,47,Male,Chennai,mostly_nonveg,2025-05-30
380,Bhavana Rao 380,54,Female,Chennai,flexitarian,2024-12-29
381,Ramesh Babu 381,40,Male,Chennai,mostly_nonveg,2025-01-16
382,Venkatesh Iyer 382,27,Male,Chennai,flexitarian,2025-06-15
383,Karthik Raja 383,22,Female,Chennai,flexitarian,2024-05-31
384,Anand Krishnan 384,53,Female,Chennai,mostly_nonveg,2025-07-15
385,Ramesh Babu 385,51,Female,Chennai,mostly_veg,2025-11-19
386,Karthik Raja 386,48,Female,Chennai,flexitarian,2025-08-30
387,Ramesh Babu 387,27,Female,Chennai,mostly_veg,2025-09-08
388,Vijay Kumar 388,36,Female,Chennai,mostly_nonveg,2025-02-23
389,Venkatesh Iyer 389,49,Female,Chennai,mostly_nonveg,2024-09-06
390,Ganesh Murugan 390,18,Male,Chennai,mostly_veg,2024-04-26
391,Ganesh Murugan 391,22,Male,Chennai,flexitarian,2025-05-26
392,Meena Kothari 392,21,Female,Chennai,mostly_nonveg,2025-07-31
393,Vijay Kumar 393,33,Male,Chennai,mostly_veg,2024-11-30
394,Ramesh Babu 394,41,Male,Chennai,flexitarian,2025-02-21
395,Revathi Nair 395,33,Male,Chennai,mostly_nonveg,2024-10-21
396,Revathi Nair 396,19,Female,Chennai,mostly_veg,2025-01-05
397,Ganesh Murugan 397,45,Female,Chennai,flexitarian,2024-07-04
398,Arun Balaji 398,49,Male,Chennai,mostly_veg,2024-09-02
399,Senthil Kumar 399,44,Female,Chennai,mostly_nonveg,2025-09-28
400,Revathi Nair 400,37,Male,Chennai,mostly_nonveg,2024-09-24
401,Meena Kothari 401,41,Male,Chennai,mostly_nonveg,2025-10-04
402,Anand Krishnan 402,29,Male,Chennai,flexitarian,2024-08-24
403,Divya Lakshmi 403,52,Male,Chennai,mostly_nonveg,2025-06-13
404,Vijay Kumar 404,50,Female,Chennai,mostly_nonveg,2025-07-05
405,Divya Lakshmi 405,50,Female,Chennai,mostly_veg,2024-01-21
406,Karthik Raja 406,54,Female,Chennai,mostly_nonveg,2025-06-03
407,Deepika Reddy 407,29,Male,Chennai,mostly_veg,2024-04-09
408,Revathi Nair 408,20,Female,Chennai,flexitarian,2025-04-22
409,Arun Balaji 409,18,Male,Chennai,mostly_veg,2025-08-21
410,Karthik Raja 410,50,Female,Chennai,mostly_veg,2024-10-24
411,Revathi Nair 411,27,Male,Chennai,mostly_veg,2025-06-09
412,Sangeetha Raman 412,46,Male,Chennai,flexitarian,2024-11-29
413,Karthik Raja 413,30,Male,Chennai,mostly_veg,2024-01-02
414,Karthik Raja 414,29,Female,Chennai,flexitarian,2025-01-09
415,Deepika Reddy 415,48,Female,Chennai,mostly_veg,2024-10-19
416,Meena Kothari 416,19,Female,Chennai,mostly_veg,2025-07-06
417,Arun Balaji 417,52,Female,Chennai,flexitarian,2024-11-13
418,Venkatesh Iyer 418,40,Male,Chennai,flexitarian,2025-05-16
419,Bhavana Rao 419,34,Female,Chennai,mostly_veg,2025-01-15
420,Arun Balaji 420,43,Female,Chennai,flexitarian,2025-09-14
421,Anand Krishnan 421,25,Male,Chennai,mostly_nonveg,2024-01-14
422,Karthik Raja 422,46,Male,Chennai,flexitarian,2025-05-18
423,Arun Balaji 423,43,Male,Chennai,mostly_veg,2024-08-18
424,Priya Sundaram 424,27,Female,Chennai,mostly_veg,2024-03-24
425,Bhavana Rao 425,43,Male,Chennai,mostly_nonveg,2024-05-09
426,Anand Krishnan 426,51,Male,Chennai,mostly_veg,2024-05-24
427,Priya Sundaram 427,24,Male,Chennai,mostly_nonveg,2024-01-28
428,Deepika Reddy 428,21,Female,Chennai,flexitarian,2024-03-06
429,Priya Sundaram 429,28,Male,Chennai,mostly_nonveg,2024-06-11
430,Senthil Kumar 430,46,Female,Chennai,flexitarian,2024-08-16
431,Bhavana Rao 431,53,Female,Chennai,mostly_nonveg,2024-09-17
432,Divya Lakshmi 432,42,Male,Chennai,flexitarian,2025-03-24
433,Ramesh Babu 433,38,Male,Chennai,flexitarian,2025-02-27
434,Priya Sundaram 434,53,Female,Chennai,flexitarian,2025-04-04
435,Venkatesh Iyer 435,27,Male,Chennai,flexitarian,2025-11-06
436,Deepika Reddy 436,54,Male,Chennai,flexitarian,2024-10-27
437,Divya Lakshmi 437,26,Female,Chennai,mostly_nonveg,2024-10-29
438,Deepika Reddy 438,41,Female,Chennai,mostly_nonveg,2024-10-13
439,Deepika Reddy 439,52,Male,Chennai,flexitarian,2025-01-29
440,Karthik Raja 440,52,Female,Chennai,flexitarian,2024-01-10
441,Deepika Reddy 441,53,Male,Chennai,flexitarian,2025-12-07
442,Priya Sundaram 442,35,Male,Chennai,flexitarian,2025-09-21
443,Ramesh Babu 443,49,Male,Chennai,mostly_veg,2024-09-26
444,Senthil Kumar 444,41,Female,Chennai,mostly_veg,2025-08-14
445,Deepika Reddy 445,40,Male,Chennai,flexitarian,2025-08-27
446,Deepika Reddy 446,49,Male,Chennai,mostly_veg,2024-12-26
447,Arun Balaji 447,54,Male,Chennai,mostly_veg,2024-09-13
448,Sangeetha Raman 448,29,Female,Chennai,mostly_veg,2024-05-12
449,Venkatesh Iyer 449,30,Female,Chennai,mostly_veg,2024-10-02
450,Vijay Kumar 450,40,Female,Chennai,mostly_veg,2025-11-13
